Country,HDI,LifeExpectancy,ExpectedEducation,MeanEducation,GNIperCaptia
Norway,0.944,81.6,17.5,12.6,"64,992"
Australia,0.935,82.4,20.2,13,"42,261"
Switzerland,0.93,83,15.8,12.8,"56,431"
Denmark,0.923,80.2,18.7,12.7,"44,025"
Netherlands,0.922,81.6,17.9,11.9,"45,435"
Germany,0.916,80.9,16.5,13.1,"43,919"
Ireland,0.916,80.9,18.6,12.2,"39,568"
United States,0.915,79.1,16.5,12.9,"52,947"
Canada,0.913,82,15.9,13,"42,155"
New Zealand,0.913,81.8,19.2,12.5,"32,689"
Singapore,0.912,83,15.4,10.6,"76,628"
"Hong Kong, China (SAR)",0.91,84,15.6,11.2,"53,959"
Liechtenstein,0.908,80,15,11.8,"79,851"
Sweden,0.907,82.2,15.8,12.1,"45,636"
United Kingdom,0.907,80.7,16.2,13.1,"39,267"
Iceland,0.899,82.6,19,10.6,"35,182"
Korea (Republic of),0.898,81.9,16.9,11.9,"33,890"
Israel,0.894,82.4,16,12.5,"30,676"
Luxembourg,0.892,81.7,13.9,11.7,"58,711"
Japan,0.891,83.5,15.3,11.5,"36,927"
Belgium,0.89,80.8,16.3,11.3,"41,187"
France,0.888,82.2,16,11.1,"38,056"
Austria,0.885,81.4,15.7,10.8,"43,869"
Finland,0.883,80.8,17.1,10.3,"38,695"
Slovenia,0.88,80.4,16.8,11.9,"27,852"
Spain,0.876,82.6,17.3,9.6,"32,045"
Italy,0.873,83.1,16,10.1,"33,030"
Czech Republic,0.87,78.6,16.4,12.3,"26,660"
Greece,0.865,80.9,17.6,10.3,"24,524"
Estonia,0.861,76.8,16.5,12.5,"25,214"
Brunei Darussalam,0.856,78.8,14.5,8.8,"72,570"
Cyprus,0.85,80.2,14,11.6,"28,633"
Qatar,0.85,78.2,13.8,9.1,"123,124"
Andorra,0.845,81.3,13.5,9.6,"43,978"
Slovakia,0.844,76.3,15.1,12.2,"25,845"
Poland,0.843,77.4,15.5,11.8,"23,177"
Lithuania,0.839,73.3,16.4,12.4,"24,500"
Malta,0.839,80.6,14.4,10.3,"27,930"
Saudi Arabia,0.837,74.3,16.3,8.7,"52,821"
Argentina,0.836,76.3,17.9,9.8,"22,050"
United Arab Emirates,0.835,77,13.3,9.5,"60,868"
Chile,0.832,81.7,15.2,9.8,"21,290"
Portugal,0.83,80.9,16.3,8.2,"25,757"
Hungary,0.828,75.2,15.4,11.6,"22,916"
Bahrain,0.824,76.6,14.4,9.4,"38,599"
Latvia,0.819,74.2,15.2,11.5,"22,281"
Croatia,0.818,77.3,14.8,11,"19,409"
Kuwait,0.816,74.4,14.7,7.2,"83,961"
Montenegro,0.802,76.2,15.2,11.2,"14,558"
Belarus,0.798,71.3,15.7,12,"16,676"
Russian Federation,0.798,70.1,14.7,12,"22,352"
Oman,0.793,76.8,13.6,8,"34,858"
Romania,0.793,74.7,14.2,10.8,"18,108"
Uruguay,0.793,77.2,15.5,8.5,"19,283"
Bahamas,0.79,75.4,12.6,10.9,"21,336"
Kazakhstan,0.788,69.4,15,11.4,"20,867"
Barbados,0.785,75.6,15.4,10.5,"12,488"
Antigua and Barbuda,0.783,76.1,14,9.2,"20,070"
Bulgaria,0.782,74.2,14.4,10.6,"15,596"
Palau,0.78,72.7,13.7,12.3,"13,496"
Panama,0.78,77.6,13.3,9.3,"18,192"
Malaysia,0.779,74.7,12.7,10,"22,762"
Mauritius,0.777,74.4,15.6,8.5,"17,470"
Seychelles,0.772,73.1,13.4,9.4,"23,300"
Trinidad and Tobago,0.772,70.4,12.3,10.9,"26,090"
Serbia,0.771,74.9,14.4,10.5,"12,190"
Cuba,0.769,79.4,13.8,11.5,"7,301"
Lebanon,0.769,79.3,13.8,7.9,"16,509"
Costa Rica,0.766,79.4,13.9,8.4,"13,413"
Iran (Islamic Republic of),0.766,75.4,15.1,8.2,"15,440"
Venezuela (Bolivarian Republic of),0.762,74.2,14.2,8.9,"16,159"
Turkey,0.761,75.3,14.5,7.6,"18,677"
Sri Lanka,0.757,74.9,13.7,10.8,"9,779"
Mexico,0.756,76.8,13.1,8.5,"16,056"
Brazil,0.755,74.5,15.2,7.7,"15,175"
Georgia,0.754,74.9,13.8,12.1,"7,164"
Saint Kitts and Nevis,0.752,73.8,12.9,8.4,"20,805"
Azerbaijan,0.751,70.8,11.9,11.2,"16,428"
Grenada,0.75,73.4,15.8,8.6,"10,939"
Jordan,0.748,74,13.5,9.9,"11,365"
The former Yugoslav Republic of Macedonia,0.747,75.4,13.4,9.3,"11,780"
Ukraine,0.747,71,15.1,11.3,"8,178"
Algeria,0.736,74.8,14,7.6,"13,054"
Peru,0.734,74.6,13.1,9,"11,015"
Albania,0.733,77.8,11.8,9.3,"9,943"
Armenia,0.733,74.7,12.3,10.9,"8,124"
Bosnia and Herzegovina,0.733,76.5,13.6,8.3,"9,638"
Ecuador,0.732,75.9,14.2,7.6,"10,605"
Saint Lucia,0.729,75.1,12.6,9.3,"9,765"
China,0.727,75.8,13.1,7.5,"12,547"
Fiji,0.727,70,15.7,9.9,"7,493"
Mongolia,0.727,69.4,14.6,9.3,"10,729"
Thailand,0.726,74.4,13.5,7.3,"13,323"
Dominica,0.724,77.8,12.7,7.9,"9,994"
Libya,0.724,71.6,14,7.3,"14,911"
Tunisia,0.721,74.8,14.6,6.8,"10,404"
Colombia,0.72,74,13.5,7.3,"12,040"
Saint Vincent and the Grenadines,0.72,72.9,13.4,8.6,"9,937"
Jamaica,0.719,75.7,12.4,9.7,"7,415"
Tonga,0.717,72.8,14.7,10.7,"5,069"
Belize,0.715,70,13.6,10.5,"7,614"
Dominican Republic,0.715,73.5,13.1,7.6,"11,883"
Suriname,0.714,71.1,12.7,7.7,"15,617"
Maldives,0.706,76.8,13,5.8,"12,328"
Samoa,0.702,73.4,12.9,10.3,"5,327"
Botswana,0.698,64.5,12.5,8.9,"16,646"
Moldova (Republic of),0.693,71.6,11.9,11.2,"5,223"
Egypt,0.69,71.1,13.5,6.6,"10,512"
Turkmenistan,0.688,65.6,10.8,9.9,"13,066"
Gabon,0.684,64.4,12.5,7.8,"16,367"
Indonesia,0.684,68.9,13,7.6,"9,788"
Paraguay,0.679,72.9,11.9,7.7,"7,643"
"Palestine, State of",0.677,72.9,13,8.9,"4,699"
Uzbekistan,0.675,68.4,11.5,10.9,"5,567"
Philippines,0.668,68.2,11.3,8.9,"7,915"
El Salvador,0.666,73,12.3,6.5,"7,349"
South Africa,0.666,57.4,13.6,9.9,"12,122"
Viet Nam,0.666,75.8,11.9,7.5,"5,092"
Bolivia (Plurinational State of),0.662,68.3,13.2,8.2,"5,760"
Kyrgyzstan,0.655,70.6,12.5,10.6,"3,044"
Iraq,0.654,69.4,10.1,6.4,"14,003"
Cabo Verde,0.646,73.3,13.5,4.7,"6,094"
Micronesia (Federated States of),0.64,69.1,11.7,9.7,"3,432"
Guyana,0.636,66.4,10.3,8.5,"6,522"
Nicaragua,0.631,74.9,11.5,6,"4,457"
Morocco,0.628,74,11.6,4.4,"6,850"
Namibia,0.628,64.8,11.3,6.2,"9,418"
Guatemala,0.627,71.8,10.7,5.6,"6,929"
Tajikistan,0.624,69.4,11.2,10.4,"2,517"
India,0.609,68,11.7,5.4,"5,497"
Honduras,0.606,73.1,11.1,5.5,"3,938"
Bhutan,0.605,69.5,12.6,3,"7,176"
Timor-Leste,0.595,68.2,11.7,4.4,"5,363"
Syrian Arab Republic,0.594,69.6,12.3,6.3,"2,728"
Vanuatu,0.594,71.9,10.6,6.8,"2,803"
Congo,0.591,62.3,11.1,6.1,"6,012"
Kiribati,0.59,66,12.3,7.8,"2,434"
Equatorial Guinea,0.587,57.6,9,5.5,"21,056"
Zambia,0.586,60.1,13.5,6.6,"3,734"
Ghana,0.579,61.4,11.5,7,"3,852"
Lao People's Democratic Republic,0.575,66.2,10.6,5,"4,680"
Bangladesh,0.57,71.6,10,5.1,"3,191"
Cambodia,0.555,68.4,10.9,4.4,"2,949"
Sao Tome and Principe,0.555,66.5,11.3,4.7,"2,918"
Kenya,0.548,61.6,11,6.3,"2,762"
Nepal,0.548,69.6,12.4,3.3,"2,311"
Pakistan,0.538,66.2,7.8,4.7,"4,866"
Myanmar,0.536,65.9,8.6,4.1,"4,608"
Angola,0.532,52.3,11.4,4.7,"6,822"
Swaziland,0.531,49,11.3,7.1,"5,542"
Tanzania (United Republic of),0.521,65,9.2,5.1,"2,411"
Nigeria,0.514,52.8,9,5.9,"5,341"
Cameroon,0.512,55.5,10.4,6,"2,803"
Madagascar,0.51,65.1,10.3,6,"1,328"
Zimbabwe,0.509,57.5,10.9,7.3,"1,615"
Mauritania,0.506,63.1,8.5,3.8,"3,560"
Solomon Islands,0.506,67.9,9.2,5,"1,540"
Papua New Guinea,0.505,62.6,9.9,4,"2,463"
Comoros,0.503,63.3,11.5,4.6,"1,456"
Yemen,0.498,63.8,9.2,2.6,"3,519"
Lesotho,0.497,49.8,11.1,5.9,"3,306"
Togo,0.484,59.7,12.2,4.5,"1,228"
Haiti,0.483,62.8,8.7,4.9,"1,669"
Rwanda,0.483,64.2,10.3,3.7,"1,458"
Uganda,0.483,58.5,9.8,5.4,"1,613"
Benin,0.48,59.6,11.1,3.3,"1,767"
Sudan,0.479,63.5,7,3.1,"3,809"
Djibouti,0.47,62,6.4,3.8,"3,276"
South Sudan,0.467,55.7,7.6,5.4,"2,332"
Senegal,0.466,66.5,7.9,2.5,"2,188"
Afghanistan,0.465,60.4,9.3,3.2,"1,885"
CÃ´te d'Ivoire,0.462,51.5,8.9,4.3,"3,171"
Malawi,0.445,62.8,10.8,4.3,747
Ethiopia,0.442,64.1,8.5,2.4,"1,428"
Gambia,0.441,60.2,8.8,2.8,"1,507"
Congo (Democratic Republic of the),0.433,58.7,9.8,6,680
Liberia,0.43,60.9,9.5,4.1,805
Guinea-Bissau,0.42,55.2,9,2.8,"1,362"
Mali,0.419,58,8.4,2,"1,583"
Mozambique,0.416,55.1,9.3,3.2,"1,123"
Sierra Leone,0.413,50.9,8.6,3.1,"1,780"
Guinea,0.411,58.8,8.7,2.4,"1,096"
Burkina Faso,0.402,58.7,7.8,1.4,"1,591"
Burundi,0.4,56.7,10.1,2.7,758
Chad,0.392,51.6,7.4,1.9,"2,085"
Eritrea,0.391,63.7,4.1,3.9,"1,130"
Central African Republic,0.35,50.7,7.2,4.2,581
Niger,0.348,61.4,5.4,1.5,908
Arab States,0.686,70.6,12,6.4,"15,722"
East Asia and the Pacific,0.71,74,12.7,7.5,"11,449"
Europe and Central Asia,0.748,72.3,13.6,10,"12,791"
Latin America and the Caribbean,0.748,75,14,8.2,"14,242"
South Asia,0.607,68.4,11.2,5.5,"5,605"
Sub-Saharan Africa,0.518,58.5,9.6,5.2,"3,363"
World,0.711,71.5,12.2,7.9,"14,301"
